<?xml version="1.0" encoding="UTF-8"?>
<metadata xml:lang="en"><Esri><CreaDate>20211217</CreaDate><CreaTime>08244600</CreaTime><ArcGISFormat>1.0</ArcGISFormat><SyncOnce>FALSE</SyncOnce><DataProperties><itemProps><itemName Sync="TRUE">parcel</itemName><imsContentType Sync="TRUE">002</imsContentType><itemSize Sync="TRUE">0.000</itemSize><itemLocation><linkage Sync="TRUE">file://\\BRZANAW10\C$\TempGIS\dissolved\parcel.shp</linkage><protocol Sync="TRUE">Local Area Network</protocol></itemLocation></itemProps><coordRef><type Sync="TRUE">Projected</type><geogcsn Sync="TRUE">GCS_North_American_1983</geogcsn><csUnits Sync="TRUE">Linear Unit: Foot_US (0.304801)</csUnits><projcsn Sync="TRUE">NAD_1983_StatePlane_Florida_West_FIPS_0902_Feet</projcsn><peXml Sync="TRUE">&lt;ProjectedCoordinateSystem xsi:type='typens:ProjectedCoordinateSystem' xmlns:xsi='http://www.w3.org/2001/XMLSchema-instance' xmlns:xs='http://www.w3.org/2001/XMLSchema' xmlns:typens='http://www.esri.com/schemas/ArcGIS/10.5'&gt;&lt;WKT&gt;PROJCS[&amp;quot;NAD_1983_StatePlane_Florida_West_FIPS_0902_Feet&amp;quot;,GEOGCS[&amp;quot;GCS_North_American_1983&amp;quot;,DATUM[&amp;quot;D_North_American_1983&amp;quot;,SPHEROID[&amp;quot;GRS_1980&amp;quot;,6378137.0,298.257222101]],PRIMEM[&amp;quot;Greenwich&amp;quot;,0.0],UNIT[&amp;quot;Degree&amp;quot;,0.0174532925199433]],PROJECTION[&amp;quot;Transverse_Mercator&amp;quot;],PARAMETER[&amp;quot;False_Easting&amp;quot;,656166.6666666665],PARAMETER[&amp;quot;False_Northing&amp;quot;,0.0],PARAMETER[&amp;quot;Central_Meridian&amp;quot;,-82.0],PARAMETER[&amp;quot;Scale_Factor&amp;quot;,0.9999411764705882],PARAMETER[&amp;quot;Latitude_Of_Origin&amp;quot;,24.33333333333333],UNIT[&amp;quot;Foot_US&amp;quot;,0.3048006096012192],AUTHORITY[&amp;quot;EPSG&amp;quot;,2237]]&lt;/WKT&gt;&lt;XOrigin&gt;-17791300&lt;/XOrigin&gt;&lt;YOrigin&gt;-41645400&lt;/YOrigin&gt;&lt;XYScale&gt;137249422.94257641&lt;/XYScale&gt;&lt;ZOrigin&gt;-100000&lt;/ZOrigin&gt;&lt;ZScale&gt;10000&lt;/ZScale&gt;&lt;MOrigin&gt;-100000&lt;/MOrigin&gt;&lt;MScale&gt;10000&lt;/MScale&gt;&lt;XYTolerance&gt;0.0032808333333333331&lt;/XYTolerance&gt;&lt;ZTolerance&gt;0.001&lt;/ZTolerance&gt;&lt;MTolerance&gt;0.001&lt;/MTolerance&gt;&lt;HighPrecision&gt;true&lt;/HighPrecision&gt;&lt;WKID&gt;102659&lt;/WKID&gt;&lt;LatestWKID&gt;2237&lt;/LatestWKID&gt;&lt;/ProjectedCoordinateSystem&gt;</peXml></coordRef><lineage><Process ToolSource="c:\program files (x86)\arcgis\desktop10.5\ArcToolbox\Toolboxes\Data Management Tools.tbx\AddIndex" Date="20211217" Time="211300">AddIndex h://DEPT//EVERYONE//gis//weekly_shapefile//parcel.shp FOLIO # NON_UNIQUE ASCENDING</Process><Process ToolSource="c:\program files (x86)\arcgis\desktop10.5\ArcToolbox\Toolboxes\Data Management Tools.tbx\AddIndex" Date="20211220" Time="211341">AddIndex h://DEPT//EVERYONE//gis//weekly_shapefile//parcel.shp FOLIO # NON_UNIQUE ASCENDING</Process><Process ToolSource="c:\program files (x86)\arcgis\desktop10.5\ArcToolbox\Toolboxes\Data Management Tools.tbx\AddIndex" Date="20211221" Time="212046">AddIndex h://DEPT//EVERYONE//gis//weekly_shapefile//parcel.shp FOLIO # NON_UNIQUE ASCENDING</Process><Process ToolSource="c:\program files (x86)\arcgis\desktop10.5\ArcToolbox\Toolboxes\Data Management Tools.tbx\AddIndex" Date="20211222" Time="211252">AddIndex h://DEPT//EVERYONE//gis//weekly_shapefile//parcel.shp FOLIO # NON_UNIQUE ASCENDING</Process><Process ToolSource="c:\program files (x86)\arcgis\desktop10.5\ArcToolbox\Toolboxes\Data Management Tools.tbx\AddIndex" Date="20211223" Time="210650">AddIndex h://DEPT//EVERYONE//gis//weekly_shapefile//parcel.shp FOLIO # NON_UNIQUE ASCENDING</Process><Process ToolSource="c:\program files (x86)\arcgis\desktop10.5\ArcToolbox\Toolboxes\Data Management Tools.tbx\AddIndex" Date="20211224" Time="210746">AddIndex h://DEPT//EVERYONE//gis//weekly_shapefile//parcel.shp FOLIO # NON_UNIQUE ASCENDING</Process><Process ToolSource="c:\program files (x86)\arcgis\desktop10.5\ArcToolbox\Toolboxes\Data Management Tools.tbx\AddIndex" Date="20211227" Time="210406">AddIndex h://DEPT//EVERYONE//gis//weekly_shapefile//parcel.shp FOLIO # NON_UNIQUE ASCENDING</Process><Process ToolSource="c:\program files (x86)\arcgis\desktop10.5\ArcToolbox\Toolboxes\Data Management Tools.tbx\AddIndex" Date="20211228" Time="211414">AddIndex h://DEPT//EVERYONE//gis//weekly_shapefile//parcel.shp FOLIO # NON_UNIQUE ASCENDING</Process><Process ToolSource="c:\program files (x86)\arcgis\desktop10.5\ArcToolbox\Toolboxes\Data Management Tools.tbx\AddIndex" Date="20211229" Time="211736">AddIndex h://DEPT//EVERYONE//gis//weekly_shapefile//parcel.shp FOLIO # NON_UNIQUE ASCENDING</Process><Process ToolSource="c:\program files (x86)\arcgis\desktop10.5\ArcToolbox\Toolboxes\Data Management Tools.tbx\AddIndex" Date="20211230" Time="211417">AddIndex h://DEPT//EVERYONE//gis//weekly_shapefile//parcel.shp FOLIO # NON_UNIQUE ASCENDING</Process><Process ToolSource="c:\program files (x86)\arcgis\desktop10.5\ArcToolbox\Toolboxes\Data Management Tools.tbx\AddIndex" Date="20211231" Time="210716">AddIndex h://DEPT//EVERYONE//gis//weekly_shapefile//parcel.shp FOLIO # NON_UNIQUE ASCENDING</Process><Process ToolSource="c:\program files (x86)\arcgis\desktop10.5\ArcToolbox\Toolboxes\Data Management Tools.tbx\AddIndex" Date="20220103" Time="211913">AddIndex h://DEPT//EVERYONE//gis//weekly_shapefile//parcel.shp FOLIO # NON_UNIQUE ASCENDING</Process><Process ToolSource="c:\program files (x86)\arcgis\desktop10.5\ArcToolbox\Toolboxes\Data Management Tools.tbx\AddIndex" Date="20220104" Time="211555">AddIndex h://DEPT//EVERYONE//gis//weekly_shapefile//parcel.shp FOLIO # NON_UNIQUE ASCENDING</Process><Process ToolSource="c:\program files (x86)\arcgis\desktop10.5\ArcToolbox\Toolboxes\Data Management Tools.tbx\AddIndex" Date="20220105" Time="210951">AddIndex h://DEPT//EVERYONE//gis//weekly_shapefile//parcel.shp FOLIO # NON_UNIQUE ASCENDING</Process><Process ToolSource="c:\program files (x86)\arcgis\desktop10.5\ArcToolbox\Toolboxes\Data Management Tools.tbx\AddIndex" Date="20220106" Time="211007">AddIndex h://DEPT//EVERYONE//gis//weekly_shapefile//parcel.shp FOLIO # NON_UNIQUE ASCENDING</Process><Process ToolSource="c:\program files (x86)\arcgis\desktop10.5\ArcToolbox\Toolboxes\Data Management Tools.tbx\AddIndex" Date="20220107" Time="211603">AddIndex h://DEPT//EVERYONE//gis//weekly_shapefile//parcel.shp FOLIO # NON_UNIQUE ASCENDING</Process><Process ToolSource="c:\program files (x86)\arcgis\desktop10.5\ArcToolbox\Toolboxes\Data Management Tools.tbx\AddIndex" Date="20220110" Time="210601">AddIndex h://DEPT//EVERYONE//gis//weekly_shapefile//parcel.shp FOLIO # NON_UNIQUE ASCENDING</Process><Process ToolSource="c:\program files (x86)\arcgis\desktop10.5\ArcToolbox\Toolboxes\Data Management Tools.tbx\AddIndex" Date="20220111" Time="211640">AddIndex h://DEPT//EVERYONE//gis//weekly_shapefile//parcel.shp FOLIO # NON_UNIQUE ASCENDING</Process><Process ToolSource="c:\program files (x86)\arcgis\desktop10.5\ArcToolbox\Toolboxes\Data Management Tools.tbx\AddIndex" Date="20220112" Time="211327">AddIndex h://DEPT//EVERYONE//gis//weekly_shapefile//parcel.shp FOLIO # NON_UNIQUE ASCENDING</Process><Process ToolSource="c:\program files (x86)\arcgis\desktop10.5\ArcToolbox\Toolboxes\Data Management Tools.tbx\AddIndex" Date="20220113" Time="211005">AddIndex h://DEPT//EVERYONE//gis//weekly_shapefile//parcel.shp FOLIO # NON_UNIQUE ASCENDING</Process><Process ToolSource="c:\program files (x86)\arcgis\desktop10.5\ArcToolbox\Toolboxes\Data Management Tools.tbx\AddIndex" Date="20220114" Time="210858">AddIndex h://DEPT//EVERYONE//gis//weekly_shapefile//parcel.shp FOLIO # NON_UNIQUE ASCENDING</Process><Process ToolSource="c:\program files (x86)\arcgis\desktop10.5\ArcToolbox\Toolboxes\Data Management Tools.tbx\AddIndex" Date="20220117" Time="210803">AddIndex h://DEPT//EVERYONE//gis//weekly_shapefile//parcel.shp FOLIO # NON_UNIQUE ASCENDING</Process><Process ToolSource="c:\program files (x86)\arcgis\desktop10.5\ArcToolbox\Toolboxes\Data Management Tools.tbx\AddIndex" Date="20220118" Time="211521">AddIndex h://DEPT//EVERYONE//gis//weekly_shapefile//parcel.shp FOLIO # NON_UNIQUE ASCENDING</Process><Process ToolSource="c:\program files (x86)\arcgis\desktop10.5\ArcToolbox\Toolboxes\Data Management Tools.tbx\AddIndex" Date="20220119" Time="211123">AddIndex h://DEPT//EVERYONE//gis//weekly_shapefile//parcel.shp FOLIO # NON_UNIQUE ASCENDING</Process><Process ToolSource="c:\program files (x86)\arcgis\desktop10.5\ArcToolbox\Toolboxes\Data Management Tools.tbx\AddIndex" Date="20220120" Time="211232">AddIndex h://DEPT//EVERYONE//gis//weekly_shapefile//parcel.shp FOLIO # NON_UNIQUE ASCENDING</Process><Process ToolSource="c:\program files (x86)\arcgis\desktop10.5\ArcToolbox\Toolboxes\Data Management Tools.tbx\AddIndex" Date="20220121" Time="211032">AddIndex h://DEPT//EVERYONE//gis//weekly_shapefile//parcel.shp FOLIO # NON_UNIQUE ASCENDING</Process><Process ToolSource="c:\program files (x86)\arcgis\desktop10.5\ArcToolbox\Toolboxes\Data Management Tools.tbx\AddIndex" Date="20220124" Time="211001">AddIndex h://DEPT//EVERYONE//gis//weekly_shapefile//parcel.shp FOLIO # NON_UNIQUE ASCENDING</Process><Process ToolSource="c:\program files (x86)\arcgis\desktop10.5\ArcToolbox\Toolboxes\Data Management Tools.tbx\AddIndex" Date="20220125" Time="211203">AddIndex h://DEPT//EVERYONE//gis//weekly_shapefile//parcel.shp FOLIO # NON_UNIQUE ASCENDING</Process><Process ToolSource="c:\program files (x86)\arcgis\desktop10.5\ArcToolbox\Toolboxes\Data Management Tools.tbx\AddIndex" Date="20220126" Time="211342">AddIndex h://DEPT//EVERYONE//gis//weekly_shapefile//parcel.shp FOLIO # NON_UNIQUE ASCENDING</Process><Process ToolSource="c:\program files (x86)\arcgis\desktop10.5\ArcToolbox\Toolboxes\Data Management Tools.tbx\AddIndex" Date="20220127" Time="210530">AddIndex h://DEPT//EVERYONE//gis//weekly_shapefile//parcel.shp FOLIO # NON_UNIQUE ASCENDING</Process><Process ToolSource="c:\program files (x86)\arcgis\desktop10.5\ArcToolbox\Toolboxes\Data Management Tools.tbx\AddIndex" Date="20220128" Time="211202">AddIndex h://DEPT//EVERYONE//gis//weekly_shapefile//parcel.shp FOLIO # NON_UNIQUE ASCENDING</Process><Process ToolSource="c:\program files (x86)\arcgis\desktop10.5\ArcToolbox\Toolboxes\Data Management Tools.tbx\AddIndex" Date="20220131" Time="211444">AddIndex h://DEPT//EVERYONE//gis//weekly_shapefile//parcel.shp FOLIO # NON_UNIQUE ASCENDING</Process><Process ToolSource="c:\program files (x86)\arcgis\desktop10.5\ArcToolbox\Toolboxes\Data Management Tools.tbx\AddIndex" Date="20220201" Time="211951">AddIndex h://DEPT//EVERYONE//gis//weekly_shapefile//parcel.shp FOLIO # NON_UNIQUE ASCENDING</Process><Process ToolSource="c:\program files (x86)\arcgis\desktop10.5\ArcToolbox\Toolboxes\Data Management Tools.tbx\AddIndex" Date="20220202" Time="211532">AddIndex h://DEPT//EVERYONE//gis//weekly_shapefile//parcel.shp FOLIO # NON_UNIQUE ASCENDING</Process><Process ToolSource="c:\program files (x86)\arcgis\desktop10.5\ArcToolbox\Toolboxes\Data Management Tools.tbx\AddIndex" Date="20220203" Time="211552">AddIndex h://DEPT//EVERYONE//gis//weekly_shapefile//parcel.shp FOLIO # NON_UNIQUE ASCENDING</Process><Process ToolSource="c:\program files (x86)\arcgis\desktop10.5\ArcToolbox\Toolboxes\Data Management Tools.tbx\AddIndex" Date="20220204" Time="210820">AddIndex h://DEPT//EVERYONE//gis//weekly_shapefile//parcel.shp FOLIO # NON_UNIQUE ASCENDING</Process><Process ToolSource="c:\program files (x86)\arcgis\desktop10.5\ArcToolbox\Toolboxes\Data Management Tools.tbx\AddIndex" Date="20220207" Time="210859">AddIndex h://DEPT//EVERYONE//gis//weekly_shapefile//parcel.shp FOLIO # NON_UNIQUE ASCENDING</Process><Process ToolSource="c:\program files (x86)\arcgis\desktop10.5\ArcToolbox\Toolboxes\Data Management Tools.tbx\AddIndex" Date="20220208" Time="210828">AddIndex h://DEPT//EVERYONE//gis//weekly_shapefile//parcel.shp FOLIO # NON_UNIQUE ASCENDING</Process><Process ToolSource="c:\program files (x86)\arcgis\desktop10.5\ArcToolbox\Toolboxes\Data Management Tools.tbx\AddIndex" Date="20220209" Time="211145">AddIndex h://DEPT//EVERYONE//gis//weekly_shapefile//parcel.shp FOLIO # NON_UNIQUE ASCENDING</Process><Process ToolSource="c:\program files (x86)\arcgis\desktop10.5\ArcToolbox\Toolboxes\Data Management Tools.tbx\AddIndex" Date="20220210" Time="211258">AddIndex h://DEPT//EVERYONE//gis//weekly_shapefile//parcel.shp FOLIO # NON_UNIQUE ASCENDING</Process></lineage></DataProperties><SyncDate>20211217</SyncDate><SyncTime>08244600</SyncTime><ModDate>20211217</ModDate><ModTime>08244600</ModTime></Esri><dataIdInfo><envirDesc Sync="TRUE"> Version 6.2 (Build 9200) ; Esri ArcGIS 10.5.1.7333</envirDesc><dataLang><languageCode value="eng" Sync="TRUE"></languageCode><countryCode value="USA" Sync="TRUE"></countryCode></dataLang><idCitation><resTitle Sync="TRUE">parcel</resTitle><presForm><PresFormCd value="005" Sync="TRUE"></PresFormCd></presForm></idCitation><spatRpType><SpatRepTypCd value="001" Sync="TRUE"></SpatRepTypCd></spatRpType></dataIdInfo><mdLang><languageCode value="eng" Sync="TRUE"></languageCode><countryCode value="USA" Sync="TRUE"></countryCode></mdLang><mdChar><CharSetCd value="004" Sync="TRUE"></CharSetCd></mdChar><distInfo><distFormat><formatName Sync="TRUE">Shapefile</formatName></distFormat><distTranOps><transSize Sync="TRUE">0.000</transSize></distTranOps></distInfo><mdHrLv><ScopeCd value="005" Sync="TRUE"></ScopeCd></mdHrLv><mdHrLvName Sync="TRUE">dataset</mdHrLvName><refSysInfo><RefSystem><refSysID><identCode code="2237" Sync="TRUE"></identCode><idCodeSpace Sync="TRUE">EPSG</idCodeSpace><idVersion Sync="TRUE">5.3(9.0.0)</idVersion></refSysID></RefSystem></refSysInfo><spatRepInfo><VectSpatRep><geometObjs Name="parcel"><geoObjTyp><GeoObjTypCd value="002" Sync="TRUE"></GeoObjTypCd></geoObjTyp><geoObjCnt Sync="TRUE">0</geoObjCnt></geometObjs><topLvl><TopoLevCd value="001" Sync="TRUE"></TopoLevCd></topLvl></VectSpatRep></spatRepInfo><spdoinfo><ptvctinf><esriterm Name="parcel"><efeatyp Sync="TRUE">Simple</efeatyp><efeageom code="4" Sync="TRUE"></efeageom><esritopo Sync="TRUE">FALSE</esritopo><efeacnt Sync="TRUE">0</efeacnt><spindex Sync="TRUE">FALSE</spindex><linrefer Sync="TRUE">FALSE</linrefer></esriterm></ptvctinf></spdoinfo><eainfo><detailed Name="parcel"><enttyp><enttypl Sync="TRUE">parcel</enttypl><enttypt Sync="TRUE">Feature Class</enttypt><enttypc Sync="TRUE">0</enttypc></enttyp><attr><attrlabl Sync="TRUE">FID</attrlabl><attalias Sync="TRUE">FID</attalias><attrtype Sync="TRUE">OID</attrtype><attwidth Sync="TRUE">4</attwidth><atprecis Sync="TRUE">0</atprecis><attscale Sync="TRUE">0</attscale><attrdef Sync="TRUE">Internal feature number.</attrdef><attrdefs Sync="TRUE">Esri</attrdefs><attrdomv><udom Sync="TRUE">Sequential unique whole numbers that are automatically generated.</udom></attrdomv></attr><attr><attrlabl Sync="TRUE">Shape</attrlabl><attalias Sync="TRUE">Shape</attalias><attrtype Sync="TRUE">Geometry</attrtype><attwidth Sync="TRUE">0</attwidth><atprecis Sync="TRUE">0</atprecis><attscale Sync="TRUE">0</attscale><attrdef Sync="TRUE">Feature geometry.</attrdef><attrdefs Sync="TRUE">Esri</attrdefs><attrdomv><udom Sync="TRUE">Coordinates defining the features.</udom></attrdomv></attr><attr><attrlabl Sync="TRUE">FOLIO</attrlabl><attalias Sync="TRUE">FOLIO</attalias><attrtype Sync="TRUE">String</attrtype><attwidth Sync="TRUE">10</attwidth><atprecis Sync="TRUE">0</atprecis><attscale Sync="TRUE">0</attscale></attr><attr><attrlabl Sync="TRUE">FIRST_TYPE</attrlabl><attalias Sync="TRUE">FIRST_TYPE</attalias><attrtype Sync="TRUE">String</attrtype><attwidth Sync="TRUE">40</attwidth><atprecis Sync="TRUE">0</atprecis><attscale Sync="TRUE">0</attscale></attr><attr><attrlabl Sync="TRUE">FIRST_FOLI</attrlabl><attalias Sync="TRUE">FIRST_FOLI</attalias><attrtype Sync="TRUE">String</attrtype><attwidth Sync="TRUE">10</attwidth><atprecis Sync="TRUE">0</atprecis><attscale Sync="TRUE">0</attscale></attr><attr><attrlabl Sync="TRUE">FIRST_FO_1</attrlabl><attalias Sync="TRUE">FIRST_FO_1</attalias><attrtype Sync="TRUE">String</attrtype><attwidth Sync="TRUE">10</attwidth><atprecis Sync="TRUE">0</atprecis><attscale Sync="TRUE">0</attscale></attr><attr><attrlabl Sync="TRUE">MAX_Edit_d</attrlabl><attalias Sync="TRUE">MAX_Edit_d</attalias><attrtype Sync="TRUE">Double</attrtype><attwidth Sync="TRUE">19</attwidth><atprecis Sync="TRUE">0</atprecis><attscale Sync="TRUE">0</attscale></attr><attr><attrlabl Sync="TRUE">FIRST_PIN</attrlabl><attalias Sync="TRUE">FIRST_PIN</attalias><attrtype Sync="TRUE">String</attrtype><attwidth Sync="TRUE">29</attwidth><atprecis Sync="TRUE">0</atprecis><attscale Sync="TRUE">0</attscale></attr><attr><attrlabl Sync="TRUE">FIRST_DOR_</attrlabl><attalias Sync="TRUE">FIRST_DOR_</attalias><attrtype Sync="TRUE">String</attrtype><attwidth Sync="TRUE">4</attwidth><atprecis Sync="TRUE">0</atprecis><attscale Sync="TRUE">0</attscale></attr><attr><attrlabl Sync="TRUE">FIRST_OWNE</attrlabl><attalias Sync="TRUE">FIRST_OWNE</attalias><attrtype Sync="TRUE">String</attrtype><attwidth Sync="TRUE">75</attwidth><atprecis Sync="TRUE">0</atprecis><attscale Sync="TRUE">0</attscale></attr><attr><attrlabl Sync="TRUE">FIRST_ADDR</attrlabl><attalias Sync="TRUE">FIRST_ADDR</attalias><attrtype Sync="TRUE">String</attrtype><attwidth Sync="TRUE">75</attwidth><atprecis Sync="TRUE">0</atprecis><attscale Sync="TRUE">0</attscale></attr><attr><attrlabl Sync="TRUE">FIRST_AD_1</attrlabl><attalias Sync="TRUE">FIRST_AD_1</attalias><attrtype Sync="TRUE">String</attrtype><attwidth Sync="TRUE">30</attwidth><atprecis Sync="TRUE">0</atprecis><attscale Sync="TRUE">0</attscale></attr><attr><attrlabl Sync="TRUE">FIRST_CITY</attrlabl><attalias Sync="TRUE">FIRST_CITY</attalias><attrtype Sync="TRUE">String</attrtype><attwidth Sync="TRUE">30</attwidth><atprecis Sync="TRUE">0</atprecis><attscale Sync="TRUE">0</attscale></attr><attr><attrlabl Sync="TRUE">FIRST_STAT</attrlabl><attalias Sync="TRUE">FIRST_STAT</attalias><attrtype Sync="TRUE">String</attrtype><attwidth Sync="TRUE">25</attwidth><atprecis Sync="TRUE">0</atprecis><attscale Sync="TRUE">0</attscale></attr><attr><attrlabl Sync="TRUE">FIRST_ZIP</attrlabl><attalias Sync="TRUE">FIRST_ZIP</attalias><attrtype Sync="TRUE">String</attrtype><attwidth Sync="TRUE">10</attwidth><atprecis Sync="TRUE">0</atprecis><attscale Sync="TRUE">0</attscale></attr><attr><attrlabl Sync="TRUE">FIRST_COUN</attrlabl><attalias Sync="TRUE">FIRST_COUN</attalias><attrtype Sync="TRUE">String</attrtype><attwidth Sync="TRUE">20</attwidth><atprecis Sync="TRUE">0</atprecis><attscale Sync="TRUE">0</attscale></attr><attr><attrlabl Sync="TRUE">FIRST_SUB</attrlabl><attalias Sync="TRUE">FIRST_SUB</attalias><attrtype Sync="TRUE">String</attrtype><attwidth Sync="TRUE">3</attwidth><atprecis Sync="TRUE">0</atprecis><attscale Sync="TRUE">0</attscale></attr><attr><attrlabl Sync="TRUE">FIRST_SITE</attrlabl><attalias Sync="TRUE">FIRST_SITE</attalias><attrtype Sync="TRUE">String</attrtype><attwidth Sync="TRUE">75</attwidth><atprecis Sync="TRUE">0</atprecis><attscale Sync="TRUE">0</attscale></attr><attr><attrlabl Sync="TRUE">FIRST_SI_1</attrlabl><attalias Sync="TRUE">FIRST_SI_1</attalias><attrtype Sync="TRUE">String</attrtype><attwidth Sync="TRUE">30</attwidth><atprecis Sync="TRUE">0</atprecis><attscale Sync="TRUE">0</attscale></attr><attr><attrlabl Sync="TRUE">FIRST_SI_2</attrlabl><attalias Sync="TRUE">FIRST_SI_2</attalias><attrtype Sync="TRUE">String</attrtype><attwidth Sync="TRUE">10</attwidth><atprecis Sync="TRUE">0</atprecis><attscale Sync="TRUE">0</attscale></attr><attr><attrlabl Sync="TRUE">FIRST_LEGA</attrlabl><attalias Sync="TRUE">FIRST_LEGA</attalias><attrtype Sync="TRUE">String</attrtype><attwidth Sync="TRUE">50</attwidth><atprecis Sync="TRUE">0</atprecis><attscale Sync="TRUE">0</attscale></attr><attr><attrlabl Sync="TRUE">FIRST_LE_1</attrlabl><attalias Sync="TRUE">FIRST_LE_1</attalias><attrtype Sync="TRUE">String</attrtype><attwidth Sync="TRUE">50</attwidth><atprecis Sync="TRUE">0</atprecis><attscale Sync="TRUE">0</attscale></attr><attr><attrlabl Sync="TRUE">FIRST_LE_2</attrlabl><attalias Sync="TRUE">FIRST_LE_2</attalias><attrtype Sync="TRUE">String</attrtype><attwidth Sync="TRUE">50</attwidth><atprecis Sync="TRUE">0</atprecis><attscale Sync="TRUE">0</attscale></attr><attr><attrlabl Sync="TRUE">FIRST_LE_3</attrlabl><attalias Sync="TRUE">FIRST_LE_3</attalias><attrtype Sync="TRUE">String</attrtype><attwidth Sync="TRUE">50</attwidth><atprecis Sync="TRUE">0</atprecis><attscale Sync="TRUE">0</attscale></attr><attr><attrlabl Sync="TRUE">FIRST_DBA</attrlabl><attalias Sync="TRUE">FIRST_DBA</attalias><attrtype Sync="TRUE">String</attrtype><attwidth Sync="TRUE">60</attwidth><atprecis Sync="TRUE">0</atprecis><attscale Sync="TRUE">0</attscale></attr><attr><attrlabl Sync="TRUE">FIRST_STRA</attrlabl><attalias Sync="TRUE">FIRST_STRA</attalias><attrtype Sync="TRUE">String</attrtype><attwidth Sync="TRUE">22</attwidth><atprecis Sync="TRUE">0</atprecis><attscale Sync="TRUE">0</attscale></attr><attr><attrlabl Sync="TRUE">MIN_tBEDS</attrlabl><attalias Sync="TRUE">MIN_tBEDS</attalias><attrtype Sync="TRUE">Double</attrtype><attwidth Sync="TRUE">19</attwidth><atprecis Sync="TRUE">0</atprecis><attscale Sync="TRUE">0</attscale></attr><attr><attrlabl Sync="TRUE">MIN_tBATHS</attrlabl><attalias Sync="TRUE">MIN_tBATHS</attalias><attrtype Sync="TRUE">Double</attrtype><attwidth Sync="TRUE">19</attwidth><atprecis Sync="TRUE">0</atprecis><attscale Sync="TRUE">0</attscale></attr><attr><attrlabl Sync="TRUE">MIN_tSTORI</attrlabl><attalias Sync="TRUE">MIN_tSTORI</attalias><attrtype Sync="TRUE">Double</attrtype><attwidth Sync="TRUE">19</attwidth><atprecis Sync="TRUE">0</atprecis><attscale Sync="TRUE">0</attscale></attr><attr><attrlabl Sync="TRUE">MIN_tUNITS</attrlabl><attalias Sync="TRUE">MIN_tUNITS</attalias><attrtype Sync="TRUE">Double</attrtype><attwidth Sync="TRUE">19</attwidth><atprecis Sync="TRUE">0</atprecis><attscale Sync="TRUE">0</attscale></attr><attr><attrlabl Sync="TRUE">MIN_tBLDGS</attrlabl><attalias Sync="TRUE">MIN_tBLDGS</attalias><attrtype Sync="TRUE">Double</attrtype><attwidth Sync="TRUE">19</attwidth><atprecis Sync="TRUE">0</atprecis><attscale Sync="TRUE">0</attscale></attr><attr><attrlabl Sync="TRUE">FIRST_TAXD</attrlabl><attalias Sync="TRUE">FIRST_TAXD</attalias><attrtype Sync="TRUE">String</attrtype><attwidth Sync="TRUE">3</attwidth><atprecis Sync="TRUE">0</atprecis><attscale Sync="TRUE">0</attscale></attr><attr><attrlabl Sync="TRUE">MIN_JUST</attrlabl><attalias Sync="TRUE">MIN_JUST</attalias><attrtype Sync="TRUE">Double</attrtype><attwidth Sync="TRUE">19</attwidth><atprecis Sync="TRUE">0</atprecis><attscale Sync="TRUE">0</attscale></attr><attr><attrlabl Sync="TRUE">MIN_LAND</attrlabl><attalias Sync="TRUE">MIN_LAND</attalias><attrtype Sync="TRUE">Double</attrtype><attwidth Sync="TRUE">19</attwidth><atprecis Sync="TRUE">0</atprecis><attscale Sync="TRUE">0</attscale></attr><attr><attrlabl Sync="TRUE">MIN_BLDG</attrlabl><attalias Sync="TRUE">MIN_BLDG</attalias><attrtype Sync="TRUE">Double</attrtype><attwidth Sync="TRUE">19</attwidth><atprecis Sync="TRUE">0</atprecis><attscale Sync="TRUE">0</attscale></attr><attr><attrlabl Sync="TRUE">MIN_EXF</attrlabl><attalias Sync="TRUE">MIN_EXF</attalias><attrtype Sync="TRUE">Double</attrtype><attwidth Sync="TRUE">19</attwidth><atprecis Sync="TRUE">0</atprecis><attscale Sync="TRUE">0</attscale></attr><attr><attrlabl Sync="TRUE">MIN_ACT</attrlabl><attalias Sync="TRUE">MIN_ACT</attalias><attrtype Sync="TRUE">Integer</attrtype><attwidth Sync="TRUE">10</attwidth><atprecis Sync="TRUE">10</atprecis><attscale Sync="TRUE">0</attscale></attr><attr><attrlabl Sync="TRUE">MIN_EFF</attrlabl><attalias Sync="TRUE">MIN_EFF</attalias><attrtype Sync="TRUE">Integer</attrtype><attwidth Sync="TRUE">10</attwidth><atprecis Sync="TRUE">10</atprecis><attscale Sync="TRUE">0</attscale></attr><attr><attrlabl Sync="TRUE">MIN_HEAT_A</attrlabl><attalias Sync="TRUE">MIN_HEAT_A</attalias><attrtype Sync="TRUE">Double</attrtype><attwidth Sync="TRUE">19</attwidth><atprecis Sync="TRUE">0</atprecis><attscale Sync="TRUE">0</attscale></attr><attr><attrlabl Sync="TRUE">MIN_ASD_VA</attrlabl><attalias Sync="TRUE">MIN_ASD_VA</attalias><attrtype Sync="TRUE">Double</attrtype><attwidth Sync="TRUE">19</attwidth><atprecis Sync="TRUE">0</atprecis><attscale Sync="TRUE">0</attscale></attr><attr><attrlabl Sync="TRUE">MIN_TAX_VA</attrlabl><attalias Sync="TRUE">MIN_TAX_VA</attalias><attrtype Sync="TRUE">Double</attrtype><attwidth Sync="TRUE">19</attwidth><atprecis Sync="TRUE">0</atprecis><attscale Sync="TRUE">0</attscale></attr><attr><attrlabl Sync="TRUE">FIRST_MUNI</attrlabl><attalias Sync="TRUE">FIRST_MUNI</attalias><attrtype Sync="TRUE">String</attrtype><attwidth Sync="TRUE">1</attwidth><atprecis Sync="TRUE">0</atprecis><attscale Sync="TRUE">0</attscale></attr><attr><attrlabl Sync="TRUE">FIRST_SD1</attrlabl><attalias Sync="TRUE">FIRST_SD1</attalias><attrtype Sync="TRUE">String</attrtype><attwidth Sync="TRUE">3</attwidth><atprecis Sync="TRUE">0</atprecis><attscale Sync="TRUE">0</attscale></attr><attr><attrlabl Sync="TRUE">FIRST_SD2</attrlabl><attalias Sync="TRUE">FIRST_SD2</attalias><attrtype Sync="TRUE">String</attrtype><attwidth Sync="TRUE">3</attwidth><atprecis Sync="TRUE">0</atprecis><attscale Sync="TRUE">0</attscale></attr><attr><attrlabl Sync="TRUE">FIRST_TIF</attrlabl><attalias Sync="TRUE">FIRST_TIF</attalias><attrtype Sync="TRUE">String</attrtype><attwidth Sync="TRUE">1</attwidth><atprecis Sync="TRUE">0</atprecis><attscale Sync="TRUE">0</attscale></attr><attr><attrlabl Sync="TRUE">MIN_BASE</attrlabl><attalias Sync="TRUE">MIN_BASE</attalias><attrtype Sync="TRUE">Integer</attrtype><attwidth Sync="TRUE">10</attwidth><atprecis Sync="TRUE">10</atprecis><attscale Sync="TRUE">0</attscale></attr><attr><attrlabl Sync="TRUE">FIRST_S_DA</attrlabl><attalias Sync="TRUE">FIRST_S_DA</attalias><attrtype Sync="TRUE">Double</attrtype><attwidth Sync="TRUE">19</attwidth><atprecis Sync="TRUE">0</atprecis><attscale Sync="TRUE">0</attscale></attr><attr><attrlabl Sync="TRUE">FIRST_VI</attrlabl><attalias Sync="TRUE">FIRST_VI</attalias><attrtype Sync="TRUE">String</attrtype><attwidth Sync="TRUE">1</attwidth><atprecis Sync="TRUE">0</atprecis><attscale Sync="TRUE">0</attscale></attr><attr><attrlabl Sync="TRUE">MIN_S_AMT</attrlabl><attalias Sync="TRUE">MIN_S_AMT</attalias><attrtype Sync="TRUE">Double</attrtype><attwidth Sync="TRUE">19</attwidth><atprecis Sync="TRUE">0</atprecis><attscale Sync="TRUE">0</attscale></attr><attr><attrlabl Sync="TRUE">SUM_ACREAG</attrlabl><attalias Sync="TRUE">SUM_ACREAG</attalias><attrtype Sync="TRUE">Double</attrtype><attwidth Sync="TRUE">19</attwidth><atprecis Sync="TRUE">0</atprecis><attscale Sync="TRUE">0</attscale></attr><attr><attrlabl Sync="TRUE">MIN_NBHC</attrlabl><attalias Sync="TRUE">MIN_NBHC</attalias><attrtype Sync="TRUE">Double</attrtype><attwidth Sync="TRUE">19</attwidth><atprecis Sync="TRUE">0</atprecis><attscale Sync="TRUE">0</attscale></attr></detailed></eainfo><mdDateSt Sync="TRUE">20211217</mdDateSt></metadata>
